{
  "name": "Smart Buffer Core v1.0",
  "createdAt": "2025-01-22T10:00:00.000Z",
  "updatedAt": "2025-01-22T10:00:00.000Z",
  "tags": ["smart-buffer", "intelligent-messaging", "semantic-analysis"],
  "nodes": [
    {
      "parameters": {},
      "type": "n8n-nodes-base.manualTrigger",
      "typeVersion": 1,
      "position": [240, 300],
      "id": "manual-trigger",
      "name": "📥 Message Input"
    },
    {
      "parameters": {
        "jsCode": "// 🧠 SEMANTIC ANALYZER v1.0 - Intelligent Message Analysis\n// Detects fragmentation, completeness, and intent\n\nconst inputData = $input.first().json;\nconst messageText = inputData.text || inputData.message || '';\n\n// ===== SEMANTIC ANALYSIS FUNCTIONS =====\n\nconst needsBuffering = (text) => {\n  const normalizedText = text.toLowerCase().trim();\n  \n  // 1. Very short messages (likely incomplete)\n  if (normalizedText.length < 15) {\n    const fragmentPatterns = [\n      /^(quiero|necesito|puedo|me|cual|como|donde|cuando)$/,\n      /^(para|en|el|la|un|una|por)$/,\n      /^(turno|cita|consulta|precio|horario|ubicacion)$/,\n      /^(cancelar|modificar|cambiar|reagendar)$/\n    ];\n    \n    if (fragmentPatterns.some(pattern => pattern.test(normalizedText))) {\n      return true;\n    }\n  }\n  \n  // 2. Continuation patterns\n  const continuationPatterns = [\n    /\\.\\.\\.$|,$|:$/,           // ends with ..., comma, colon\n    /^(y |o |pero |tambien )/, // starts with connectors\n    /\\bpara\\s*$/,             // ends with \"para\"\n    /\\bde\\s*$/               // ends with \"de\"\n  ];\n  \n  return continuationPatterns.some(pattern => pattern.test(normalizedText));\n};\n\nconst detectCompleteMessage = (text) => {\n  const normalizedText = text.toLowerCase().trim();\n  \n  // 1. Grammatical completeness\n  const completeGrammar = [\n    /\\?$/,                    // ends with question\n    /[.!]$/,                  // ends with period or exclamation\n    /\\bgracias\\b/,           // contains thanks\n    /\\bpor favor\\b/          // contains please\n  ];\n  \n  // 2. Complete queries for medical consultorio\n  const completeQueries = [\n    // Complete appointments\n    /quiero (un turno|una cita|agendar) (para|en|el|la) .+/,\n    /necesito (un turno|una cita) .+/,\n    \n    // Complete information requests  \n    /(cual es|cuanto (cuesta|vale)) (el precio|la tarifa) .+/,\n    /(donde (esta|queda)|ubicacion del) consultorio/,\n    /(que|cuales) horarios (atiende|tiene)/,\n    \n    // Complete modifications\n    /necesito (cancelar|modificar) (mi|el) (turno|cita) .+/,\n    \n    // Greetings/farewells\n    /^(hola|buenos dias|buenas tardes)( doctor)?$/,\n    /^(gracias|perfecto|excelente|listo)$/\n  ];\n  \n  // 3. Length-based heuristic\n  const isLongEnough = normalizedText.length > 25;\n  \n  return completeGrammar.some(p => p.test(normalizedText)) || \n         completeQueries.some(p => p.test(normalizedText)) || \n         isLongEnough;\n};\n\nconst detectIntent = (text) => {\n  const normalizedText = text.toLowerCase();\n  \n  if (/turno|cita|agendar|reservar/i.test(normalizedText)) return 'appointment';\n  if (/cancelar|anular|eliminar/i.test(normalizedText)) return 'cancellation';\n  if (/cambiar|modificar|reagendar/i.test(normalizedText)) return 'modification';\n  if (/precio|costo|horario|ubicacion|obras? social/i.test(normalizedText)) return 'information';\n  if (/hola|buenos|buenas/i.test(normalizedText)) return 'greeting';\n  if (/gracias|chau|hasta luego|adios/i.test(normalizedText)) return 'farewell';\n  \n  return 'general';\n};\n\nconst extractEntities = (text) => {\n  return {\n    dni: text.match(/\\b\\d{7,8}\\b/g) || [],\n    date: text.match(/\\b\\d{1,2}[\\/\\-]\\d{1,2}[\\/\\-]\\d{2,4}\\b/g) || [],\n    time: text.match(/\\b\\d{1,2}:\\d{2}\\b/g) || [],\n    phone: text.match(/\\b\\d{10,11}\\b/g) || []\n  };\n};\n\n// ===== MAIN ANALYSIS =====\n\nconst analysis = {\n  original_text: messageText,\n  normalized_text: messageText.toLowerCase().trim(),\n  needs_buffering: needsBuffering(messageText),\n  is_complete: detectCompleteMessage(messageText),\n  intent: detectIntent(messageText),\n  entities: extractEntities(messageText),\n  confidence: detectCompleteMessage(messageText) ? 0.9 : 0.6,\n  timestamp: Date.now(),\n  analyzer_version: '1.0.0'\n};\n\n// Pass through original data + analysis\nreturn {\n  ...inputData,\n  semantic_analysis: analysis\n};"
      },
      "type": "n8n-nodes-base.code",
      "typeVersion": 2,
      "position": [440, 300],
      "id": "semantic-analyzer",
      "name": "🧠 Semantic Analyzer"
    },
    {
      "parameters": {
        "operation": "get",
        "key": "={{ $json.chatId || $json.chat_id || 'default' }}_buffer_v3",
        "options": {}
      },
      "type": "n8n-nodes-base.redis",
      "typeVersion": 1,
      "position": [640, 300],
      "id": "get-buffer",
      "name": "📋 Get Buffer State"
    },
    {
      "parameters": {
        "jsCode": "// ⚙️ SMART ORCHESTRATOR v1.0 - Intelligent Decision Engine\n// Makes decisions based on semantic analysis and buffer state\n\nconst inputData = $input.first().json;\nconst semanticAnalysis = inputData.semantic_analysis;\nconst bufferMessages = inputData.propertyName || [];\nconst chatId = inputData.chatId || inputData.chat_id || 'default';\n\n// ===== CONFIGURATION =====\nconst config = {\n  timing: {\n    urgent: 2000,    // 2s for appointments, modifications\n    simple: 3000,    // 3s for info, greetings  \n    complex: 4000,   // 4s for complex queries\n    maxBuffer: 3     // max 3 messages before forced processing\n  },\n  \n  urgentIntents: ['appointment', 'modification', 'cancellation'],\n  simpleIntents: ['greeting', 'farewell', 'information']\n};\n\n// ===== DECISION LOGIC =====\n\n// 1. If no buffer messages, process immediately\nif (!bufferMessages || bufferMessages.length === 0) {\n  return {\n    ...inputData,\n    decision: 'process_immediately',\n    reason: 'No buffer messages - first message',\n    should_wait: false,\n    wait_time: 0,\n    buffer_count: 0,\n    confidence: 1.0\n  };\n}\n\n// Parse buffer messages\nlet parsedMessages = [];\ntry {\n  parsedMessages = Array.isArray(bufferMessages) ? \n    bufferMessages.map(msg => typeof msg === 'string' ? JSON.parse(msg) : msg) : \n    [];\n} catch (error) {\n  return {\n    ...inputData,\n    decision: 'process_immediately',\n    reason: 'Buffer parse error - fallback to immediate',\n    should_wait: false,\n    wait_time: 0,\n    buffer_count: 0,\n    fallback_used: true,\n    error: error.message\n  };\n}\n\n// 2. If message appears complete, process immediately  \nif (parsedMessages.length === 1 && semanticAnalysis.is_complete) {\n  return {\n    ...inputData,\n    decision: 'process_immediately',\n    reason: 'Single complete message detected',\n    should_wait: false,\n    wait_time: 0,\n    buffer_count: parsedMessages.length,\n    confidence: semanticAnalysis.confidence\n  };\n}\n\n// 3. If message doesn't need buffering, process immediately\nif (!semanticAnalysis.needs_buffering) {\n  return {\n    ...inputData,\n    decision: 'process_immediately',\n    reason: 'Message does not need buffering',\n    should_wait: false,\n    wait_time: 0,\n    buffer_count: parsedMessages.length,\n    confidence: semanticAnalysis.confidence\n  };\n}\n\n// 4. Check timing thresholds\nconst lastMessage = parsedMessages[parsedMessages.length - 1];\nconst currentTime = Date.now();\nconst timeSinceLastMessage = currentTime - (lastMessage?.timestamp || 0);\n\nconst isUrgent = config.urgentIntents.includes(semanticAnalysis.intent);\nconst isSimple = config.simpleIntents.includes(semanticAnalysis.intent);\n\n// 5. Time-based decisions with new aggressive thresholds\nif (timeSinceLastMessage > config.timing.complex) {\n  return {\n    ...inputData,\n    decision: 'process_immediately',\n    reason: `Time threshold exceeded (${config.timing.complex}ms)`,\n    should_wait: false,\n    wait_time: 0,\n    buffer_count: parsedMessages.length,\n    confidence: 0.8\n  };\n}\n\nif (parsedMessages.length >= config.timing.maxBuffer) {\n  return {\n    ...inputData,\n    decision: 'process_immediately',\n    reason: `Buffer full (${config.timing.maxBuffer}+ messages)`,\n    should_wait: false,\n    wait_time: 0,\n    buffer_count: parsedMessages.length,\n    confidence: 0.9\n  };\n}\n\nif (isUrgent && timeSinceLastMessage > config.timing.urgent) {\n  return {\n    ...inputData,\n    decision: 'process_immediately',\n    reason: `Urgent query timeout (${config.timing.urgent}ms)`,\n    should_wait: false,\n    wait_time: 0,\n    buffer_count: parsedMessages.length,\n    confidence: 0.8\n  };\n}\n\nif (isSimple && timeSinceLastMessage > config.timing.simple) {\n  return {\n    ...inputData,\n    decision: 'process_immediately',\n    reason: `Simple query timeout (${config.timing.simple}ms)`,\n    should_wait: false,\n    wait_time: 0,\n    buffer_count: parsedMessages.length,\n    confidence: 0.7\n  };\n}\n\n// 6. Wait with adaptive timing (reduced thresholds)\nlet waitTime;\nif (isUrgent) {\n  waitTime = Math.max(1000, config.timing.urgent - timeSinceLastMessage);\n} else if (isSimple) {\n  waitTime = Math.max(1500, config.timing.simple - timeSinceLastMessage);\n} else {\n  waitTime = Math.max(2000, config.timing.complex - timeSinceLastMessage);\n}\n\nreturn {\n  ...inputData,\n  decision: 'wait',\n  reason: `Waiting for message completion (${Math.round(waitTime/1000)}s max)`,\n  should_wait: true,\n  wait_time: waitTime,\n  buffer_count: parsedMessages.length,\n  last_message_age: timeSinceLastMessage,\n  confidence: 0.6,\n  \n  query_analysis: {\n    intent: semanticAnalysis.intent,\n    is_urgent: isUrgent,\n    is_simple: isSimple,\n    needs_buffering: semanticAnalysis.needs_buffering,\n    is_complete: semanticAnalysis.is_complete\n  }\n};"
      },
      "type": "n8n-nodes-base.code",
      "typeVersion": 2,
      "position": [840, 300],
      "id": "smart-orchestrator",
      "name": "⚙️ Smart Orchestrator"
    },
    {
      "parameters": {
        "rules": {
          "values": [
            {
              "conditions": {
                "options": {
                  "caseSensitive": true,
                  "leftValue": "",
                  "typeValidation": "strict",
                  "version": 2
                },
                "conditions": [
                  {
                    "id": "should_wait_check",
                    "leftValue": "={{ $json.should_wait }}",
                    "rightValue": true,
                    "operator": {
                      "type": "boolean",
                      "operation": "equals"
                    }
                  }
                ],
                "combinator": "and"
              },
              "renameOutput": true,
              "outputKey": "⏸️ Wait"
            },
            {
              "conditions": {
                "options": {
                  "caseSensitive": true,
                  "leftValue": "",
                  "typeValidation": "strict",
                  "version": 2
                },
                "conditions": [
                  {
                    "id": "should_process_check",
                    "leftValue": "={{ $json.should_wait }}",
                    "rightValue": false,
                    "operator": {
                      "type": "boolean",
                      "operation": "equals"
                    }
                  }
                ],
                "combinator": "and"
              },
              "renameOutput": true,
              "outputKey": "🚀 Process"
            }
          ]
        },
        "options": {
          "fallbackOutput": "extra",
          "renameFallbackOutput": "❌ Error"
        }
      },
      "type": "n8n-nodes-base.switch",
      "typeVersion": 3.2,
      "position": [1040, 300],
      "id": "action-router",
      "name": "🔀 Action Router"
    },
    {
      "parameters": {
        "operation": "push",
        "list": "={{ $json.chatId || $json.chat_id || 'default' }}_buffer_v3",
        "messageData": "={{ JSON.stringify({\n  text: $json.semantic_analysis.original_text,\n  normalized_text: $json.semantic_analysis.normalized_text,\n  intent: $json.semantic_analysis.intent,\n  entities: $json.semantic_analysis.entities,\n  timestamp: $json.semantic_analysis.timestamp,\n  needs_buffering: $json.semantic_analysis.needs_buffering,\n  is_complete: $json.semantic_analysis.is_complete,\n  confidence: $json.semantic_analysis.confidence,\n  chatId: $json.chatId || $json.chat_id,\n  processing_id: ($json.chatId || $json.chat_id) + '_' + Date.now()\n}) }}",\n        \"tail\": true\n      },\n      \"type\": \"n8n-nodes-base.redis\",\n      \"typeVersion\": 1,\n      \"position\": [1240, 200],\n      \"id\": \"push-to-buffer\",\n      \"name\": \"📥 Push to Buffer\"\n    },\n    {\n      \"parameters\": {\n        \"amount\": \"={{ $json.wait_time || 2000 }}\"\n      },\n      \"type\": \"n8n-nodes-base.wait\",\n      \"typeVersion\": 1.1,\n      \"position\": [1440, 200],\n      \"id\": \"adaptive-wait\",\n      \"name\": \"⏸️ Adaptive Wait\"\n    },\n    {\n      \"parameters\": {\n        \"operation\": \"get\",\n        \"propertyName\": \"final_messages\",\n        \"key\": \"={{ $json.chatId || $json.chat_id || 'default' }}_buffer_v3\",\n        \"options\": {}\n      },\n      \"type\": \"n8n-nodes-base.redis\",\n      \"typeVersion\": 1,\n      \"position\": [1640, 200],\n      \"id\": \"get-final-buffer\",\n      \"name\": \"📋 Get Final Buffer\"\n    },\n    {\n      \"parameters\": {\n        \"operation\": \"delete\",\n        \"key\": \"={{ $json.chatId || $json.chat_id || 'default' }}_buffer_v3\"\n      },\n      \"type\": \"n8n-nodes-base.redis\",\n      \"typeVersion\": 1,\n      \"position\": [1240, 400],\n      \"id\": \"cleanup-buffer\",\n      \"name\": \"🗑️ Cleanup Buffer\"\n    },\n    {\n      \"parameters\": {\n        \"jsCode\": \"// 🔄 MESSAGE AGGREGATOR v1.0 - Combines buffered messages\\n// Aggregates multiple messages into single input for AI\\n\\nconst inputData = $input.first().json;\\nconst bufferMessages = inputData.final_messages || [];\\nconst chatId = inputData.chatId || inputData.chat_id || 'default';\\n\\n// Parse messages from buffer\\nlet allMessages = [];\\ntry {\\n  if (bufferMessages && bufferMessages.length > 0) {\\n    allMessages = bufferMessages.map(msg => \\n      typeof msg === 'string' ? JSON.parse(msg) : msg\\n    );\\n  }\\n} catch (error) {\\n  console.log('Error parsing final messages:', error);\\n  allMessages = [];\\n}\\n\\n// If no messages in buffer, use current data\\nif (allMessages.length === 0) {\\n  allMessages = [{\\n    text: inputData.semantic_analysis?.original_text || inputData.text || '',\\n    normalized_text: inputData.semantic_analysis?.normalized_text || '',\\n    intent: inputData.semantic_analysis?.intent || 'general',\\n    entities: inputData.semantic_analysis?.entities || {},\\n    timestamp: inputData.semantic_analysis?.timestamp || Date.now(),\\n    chatId: chatId\\n  }];\\n}\\n\\n// Sort messages by timestamp\\nallMessages.sort((a, b) => (a.timestamp || 0) - (b.timestamp || 0));\\n\\n// Aggregate texts\\nconst aggregatedText = allMessages\\n  .map(msg => msg.text || msg.normalized_text || '')\\n  .filter(text => text && text.trim() !== '')\\n  .join(' ');\\n\\n// Combine entities from all messages\\nconst combinedEntities = {\\n  dni: [],\\n  date: [],\\n  time: [],\\n  phone: []\\n};\\n\\n// Determine final intent (most specific wins)\\nlet finalIntent = 'general';\\nconst intentPriority = ['cancellation', 'modification', 'appointment', 'information', 'greeting', 'farewell', 'general'];\\n\\nallMessages.forEach(msg => {\\n  if (msg.entities) {\\n    Object.keys(combinedEntities).forEach(key => {\\n      if (msg.entities[key] && Array.isArray(msg.entities[key])) {\\n        combinedEntities[key] = [...combinedEntities[key], ...msg.entities[key]];\\n      }\\n    });\\n  }\\n  \\n  if (msg.intent && intentPriority.indexOf(msg.intent) < intentPriority.indexOf(finalIntent)) {\\n    finalIntent = msg.intent;\\n  }\\n});\\n\\n// Prepare final result for AI processing\\nconst result = {\\n  // Main input for AI\\n  aggregated_text: aggregatedText,\\n  chatId: chatId,\\n  \\n  // Aggregated context\\n  final_intent: finalIntent,\\n  message_count: allMessages.length,\\n  \\n  // Combined entities (deduplicated)\\n  combined_entities: {\\n    dni: [...new Set(combinedEntities.dni)],\\n    date: [...new Set(combinedEntities.date)],\\n    time: [...new Set(combinedEntities.time)],\\n    phone: [...new Set(combinedEntities.phone)]\\n  },\\n  \\n  // Metrics\\n  aggregation_metrics: {\\n    messages_processed: allMessages.length,\\n    total_text_length: aggregatedText.length,\\n    processing_time_span: allMessages.length > 1 ? \\n      (Math.max(...allMessages.map(m => m.timestamp || 0)) - Math.min(...allMessages.map(m => m.timestamp || 0))) : 0,\\n    aggregation_timestamp: Date.now()\\n  },\\n  \\n  // Debug info\\n  debug_info: {\\n    original_messages: allMessages.map(m => ({\\n      text: (m.text || '').substring(0, 50) + '...',\\n      timestamp: m.timestamp,\\n      intent: m.intent\\n    })),\\n    buffer_used: allMessages.length > 1\\n  },\\n  \\n  // Ready for next processing step\\n  ready_for_ai: true,\\n  aggregator_version: '1.0.0'\\n};\\n\\nconsole.log('📊 Message Aggregation Complete:');\\nconsole.log(`📝 Messages: ${result.message_count}`);\\nconsole.log(`🎯 Intent: ${result.final_intent}`);\\nconsole.log(`📏 Text length: ${result.aggregation_metrics.total_text_length}`);\\nconsole.log(`📋 Text: ${aggregatedText.substring(0, 100)}...`);\\n\\nreturn result;\"\n      },\n      \"type\": \"n8n-nodes-base.code\",\n      \"typeVersion\": 2,\n      \"position\": [1840, 300],\n      \"id\": \"message-aggregator\",\n      \"name\": \"🔄 Message Aggregator\"\n    },\n    {\n      \"parameters\": {\n        \"assignments\": {\n          \"assignments\": [\n            {\n              \"id\": \"final_text\",\n              \"name\": \"final_text\",\n              \"value\": \"={{ $json.aggregated_text || $json.semantic_analysis.original_text || 'No text' }}\",\n              \"type\": \"string\"\n            },\n            {\n              \"id\": \"chat_id\",\n              \"name\": \"chat_id\",\n              \"value\": \"={{ $json.chatId || $json.chat_id || 'default' }}\",\n              \"type\": \"string\"\n            },\n            {\n              \"id\": \"intent\",\n              \"name\": \"intent\",\n              \"value\": \"={{ $json.final_intent || $json.semantic_analysis.intent || 'general' }}\",\n              \"type\": \"string\"\n            },\n            {\n              \"id\": \"entities\",\n              \"name\": \"entities\",\n              \"value\": \"={{ $json.combined_entities || $json.semantic_analysis.entities || {} }}\",\n              \"type\": \"object\"\n            },\n            {\n              \"id\": \"processing_summary\",\n              \"name\": \"processing_summary\",\n              \"value\": \"=Message processed: {{ $json.final_intent || 'general' }} | Messages: {{ $json.message_count || 1 }} | Length: {{ ($json.aggregated_text || '').length }}\",\n              \"type\": \"string\"\n            },\n            {\n              \"id\": \"ready_for_ai\",\n              \"name\": \"ready_for_ai\",\n              \"value\": true,\n              \"type\": \"boolean\"\n            }\n          ]\n        },\n        \"options\": {}\n      },\n      \"type\": \"n8n-nodes-base.set\",\n      \"typeVersion\": 3.4,\n      \"position\": [2040, 300],\n      \"id\": \"prepare-output\",\n      \"name\": \"📤 Prepare Output\"\n    }\n  ],\n  \"connections\": {\n    \"manual-trigger\": {\n      \"main\": [[\n        {\n          \"node\": \"semantic-analyzer\",\n          \"type\": \"main\",\n          \"index\": 0\n        }\n      ]]\n    },\n    \"semantic-analyzer\": {\n      \"main\": [[\n        {\n          \"node\": \"get-buffer\",\n          \"type\": \"main\",\n          \"index\": 0\n        }\n      ]]\n    },\n    \"get-buffer\": {\n      \"main\": [[\n        {\n          \"node\": \"smart-orchestrator\",\n          \"type\": \"main\",\n          \"index\": 0\n        }\n      ]]\n    },\n    \"smart-orchestrator\": {\n      \"main\": [[\n        {\n          \"node\": \"action-router\",\n          \"type\": \"main\",\n          \"index\": 0\n        }\n      ]]\n    },\n    \"action-router\": {\n      \"main\": [\n        [\n          {\n            \"node\": \"push-to-buffer\",\n            \"type\": \"main\",\n            \"index\": 0\n          }\n        ],\n        [\n          {\n            \"node\": \"cleanup-buffer\",\n            \"type\": \"main\",\n            \"index\": 0\n          }\n        ]\n      ]\n    },\n    \"push-to-buffer\": {\n      \"main\": [[\n        {\n          \"node\": \"adaptive-wait\",\n          \"type\": \"main\",\n          \"index\": 0\n        }\n      ]]\n    },\n    \"adaptive-wait\": {\n      \"main\": [[\n        {\n          \"node\": \"get-final-buffer\",\n          \"type\": \"main\",\n          \"index\": 0\n        }\n      ]]\n    },\n    \"get-final-buffer\": {\n      \"main\": [[\n        {\n          \"node\": \"message-aggregator\",\n          \"type\": \"main\",\n          \"index\": 0\n        }\n      ]]\n    },\n    \"cleanup-buffer\": {\n      \"main\": [[\n        {\n          \"node\": \"message-aggregator\",\n          \"type\": \"main\",\n          \"index\": 0\n        }\n      ]]\n    },\n    \"message-aggregator\": {\n      \"main\": [[\n        {\n          \"node\": \"prepare-output\",\n          \"type\": \"main\",\n          \"index\": 0\n        }\n      ]]\n    }\n  }\n}"